{"logits": {"_type": "histogram", "values": [2, 1, 1, 0, 1, 3, 1, 4, 3, 6, 3, 5, 5, 4, 4, 3, 6, 11, 9, 12, 7, 22, 21, 20, 20, 24, 27, 31, 34, 33, 28, 28, 27, 31, 27, 24, 19, 17, 11, 12, 9, 4, 7, 12, 5, 3, 4, 5, 3, 3, 3, 4, 3, 9, 4, 3, 3, 0, 1, 2, 0, 3, 0, 3], "bins": [-19.533206939697266, -18.925281524658203, -18.317354202270508, -17.709428787231445, -17.10150146484375, -16.493576049804688, -15.885649681091309, -15.277724266052246, -14.669797897338867, -14.061871528625488, -13.45394515991211, -12.84601879119873, -12.238093376159668, -11.630167007446289, -11.02224063873291, -10.414314270019531, -9.806388854980469, -9.19846248626709, -8.590536117553711, -7.982609748840332, -7.374683856964111, -6.766757488250732, -6.158831596374512, -5.550905227661133, -4.942978858947754, -4.335052967071533, -3.7271268367767334, -3.1192007064819336, -2.5112743377685547, -1.9033483266830444, -1.295422077178955, -0.6874959468841553, -0.07956981658935547, 0.5283563137054443, 1.1362824440002441, 1.7442086935043335, 2.3521347045898438, 2.9600610733032227, 3.5679872035980225, 4.175913333892822, 4.783839225769043, 5.391765594482422, 5.999691963195801, 6.6076178550720215, 7.2155442237854, 7.823470115661621, 8.431396484375, 9.039322853088379, 9.647249221801758, 10.25517463684082, 10.8631010055542, 11.471027374267578, 12.078953742980957, 12.68687915802002, 13.294805526733398, 13.902731895446777, 14.510658264160156, 15.118584632873535, 15.726510047912598, 16.334436416625977, 16.94236183166504, 17.550289154052734, 18.158214569091797, 18.766141891479492, 19.374067306518555]}, "_timestamp": 1717417904.5210702, "_runtime": 113.88559317588806, "_step": 1044, "lr-Adam": 0.001, "trainer/global_step": 999, "train_loss": 0.07467180490493774, "train_acc": 0.96875, "epoch": 5, "val_loss": 0.09299782663583755, "val_acc": 0.9723749756813049, "_wandb": {"runtime": 113}}