{"logits": {"_type": "histogram", "values": [1, 0, 0, 0, 0, 0, 3, 0, 0, 1, 1, 2, 3, 5, 6, 4, 3, 12, 10, 11, 9, 8, 10, 13, 14, 26, 20, 25, 29, 33, 35, 44, 40, 37, 32, 45, 17, 25, 20, 8, 10, 12, 3, 2, 6, 4, 3, 6, 4, 4, 4, 3, 4, 2, 4, 5, 3, 1, 3, 1, 1, 1, 1, 1], "bins": [-22.242919921875, -21.608421325683594, -20.973922729492188, -20.33942413330078, -19.704925537109375, -19.0704288482666, -18.435930252075195, -17.80143165588379, -17.166933059692383, -16.532434463500977, -15.89793586730957, -15.263437271118164, -14.628939628601074, -13.994441032409668, -13.359942436218262, -12.725443840026855, -12.090946197509766, -11.45644760131836, -10.821949005126953, -10.187450408935547, -9.55295181274414, -8.91845417022705, -8.283955574035645, -7.649456977844238, -7.014958381652832, -6.380460262298584, -5.745961666107178, -5.11146354675293, -4.476964950561523, -3.8424665927886963, -3.207968235015869, -2.573469877243042, -1.9389715194702148, -1.3044731616973877, -0.6699747443199158, -0.035476356744766235, 0.5990220308303833, 1.2335203886032104, 1.8680188655853271, 2.5025172233581543, 3.1370155811309814, 3.7715139389038086, 4.406012535095215, 5.040510654449463, 5.675009250640869, 6.309507369995117, 6.944005966186523, 7.5785040855407715, 8.213003158569336, 8.847500801086426, 9.481999397277832, 10.116497993469238, 10.750996589660645, 11.385494232177734, 12.01999282836914, 12.654491424560547, 13.288990020751953, 13.92348861694336, 14.55798625946045, 15.192484855651855, 15.826983451843262, 16.46148109436035, 17.095979690551758, 17.730478286743164, 18.36497688293457]}, "_timestamp": 1717402581.9957755, "_runtime": 45.17453336715698, "_step": 1044, "lr-Adam": 0.001, "trainer/global_step": 999, "train_loss": 0.07181993126869202, "train_acc": 0.984375, "epoch": 5, "val_loss": 0.09267910569906235, "val_acc": 0.9712916612625122, "_wandb": {"runtime": 44}}