{"logits": {"_type": "histogram", "values": [4, 0, 0, 0, 2, 2, 2, 4, 3, 3, 2, 4, 8, 9, 12, 13, 5, 13, 13, 12, 20, 21, 23, 22, 25, 22, 30, 23, 32, 30, 27, 36, 30, 34, 19, 22, 9, 10, 14, 9, 5, 5, 4, 2, 5, 5, 3, 6, 3, 4, 5, 2, 5, 2, 2, 1, 3, 2, 1, 1, 2, 0, 1, 2], "bins": [-19.950212478637695, -19.336946487426758, -18.723682403564453, -18.110416412353516, -17.49715232849121, -16.883886337280273, -16.27062225341797, -15.657357215881348, -15.044092178344727, -14.430827140808105, -13.817562103271484, -13.204297065734863, -12.591032028198242, -11.977766990661621, -11.364501953125, -10.751236915588379, -10.137971878051758, -9.52470588684082, -8.9114408493042, -8.298175811767578, -7.684911251068115, -7.071646213531494, -6.458381175994873, -5.845116138458252, -5.231850624084473, -4.618585586547852, -4.0053205490112305, -3.3920557498931885, -2.7787904739379883, -2.165525436401367, -1.552260398864746, -0.938995361328125, -0.3257303237915039, 0.2875347435474396, 0.9007998108863831, 1.514064908027649, 2.1273298263549805, 2.7405951023101807, 3.3538601398468018, 3.967125177383423, 4.580389976501465, 5.193655490875244, 5.806920528411865, 6.420185565948486, 7.033450603485107, 7.6467156410217285, 8.259980201721191, 8.873245239257812, 9.48651123046875, 10.099776268005371, 10.713041305541992, 11.326306343078613, 11.939571380615234, 12.552836418151855, 13.166101455688477, 13.779366493225098, 14.392631530761719, 15.00589656829834, 15.619161605834961, 16.232425689697266, 16.845691680908203, 17.458955764770508, 18.072221755981445, 18.68548583984375, 19.298751831054688]}, "_timestamp": 1717355850.5730698, "_runtime": 42.64576172828674, "_step": 1044, "lr-Adam": 0.001, "trainer/global_step": 999, "train_loss": 0.3001788556575775, "train_acc": 0.921875, "epoch": 5, "val_loss": 0.0882120355963707, "val_acc": 0.9736666679382324, "_wandb": {"runtime": 42}}